Alioth,,
Altair,,
Andromeda,,
Antares,,
Aphrodite,,
Apollon,,
Aquarius,,
Aries,,
Artemis,,
Asian,,
Auriga,,
Baltic,,
Cassiopeia,,
Castor,,
Century,,
Cepheus,,
Cetus,,
Columbia,,
Coral,,
Cronus,,
Cygnus,,
Daedalus,,
Delphinus,,
Dionysos,,
Dorado,,
Equuleus,,
Eridanus,,
Gaia,,
Galaxy,,
Garnet,,
Gentle,,
Global,,
Glorious,,
Goliath,,
Graceful,,
Guardian,,
Hercules,,
Hudson,,
Kariyushi,,
Leo,,
Libra,,
Oceanus,,
Orion,,
Pacific,,
Pacific,,
Pegasus,,
Perseus,,
Pleiades,,
Polaris,,
Poseidon,,
Positive,,
Procyon,,
Prometheus,,
Pyxis,,
Rhea,,
Selene,,
Triton,,
Vega,,
Venus,,
Victory,,
Volans,,
Zeus,,
Coral,,
Opal,,
Emerald,,
Zenith,,
Heroic,,
Horizon,,
Harmony,,
Antares,,
Global,,
,,
,,
,,
,,
,,
ECO LEADER ,Vessel ,Anti-Pollution [GR] 
LEADERSHIP ,Vessel ,Bulk Carrier [BS] 
KMAX LEADER ,Vessel ,Bulk Carrier [CY] 
PEDHOULAS LEADER ,Vessel ,Bulk Carrier [CY] 
ABM LEADER ,Vessel ,Bulk Carrier [Dead] 
CANADIAN LEADER ,Vessel ,Bulk Carrier [Dead] 
EXPRESS LEADER ,Vessel ,Bulk Carrier [Dead] 
LEADER ,Vessel ,Bulk Carrier [Dead] 
LEADER II ,Vessel ,Bulk Carrier [Dead] 
LEADER L ,Vessel ,Bulk Carrier [Dead] 
MING LEADER ,Vessel ,Bulk Carrier [Dead] 
OCEAN LEADER ,Vessel ,Bulk Carrier [Dead] 
PANAMAX LEADER ,Vessel ,Bulk Carrier [Dead] 
PANAMAX LEADER ,Vessel ,Bulk Carrier [Dead] 
TANAIS LEADER ,Vessel ,Bulk Carrier [Dead] 
UNION LEADER ,Vessel ,Bulk Carrier [Dead] 
ORIENTAL LEADER ,Vessel ,Bulk Carrier [KR] 
BRAVE LEADER ,Vessel ,Bulk Carrier [LB] 
DAIWAN LEADER ,Vessel ,Bulk Carrier [LR] 
FRONTIER LEADER ,Vessel ,Bulk Carrier [MH] 
AMIS LEADER ,Vessel ,Bulk Carrier [PA] 
BEST LEADER ,Vessel ,Bulk Carrier [PA] 
BUNUN LEADER ,Vessel ,Bulk Carrier [PA] 
ES LEADER ,Vessel ,Bulk Carrier [PA] 
HYUNDAI LEADER ,Vessel ,Bulk Carrier [PA] 
NEW LEADER ,Vessel ,Bulk Carrier [PA] 
SAKIZAYA LEADER ,Vessel ,Bulk Carrier [PA] 
CEMTEX LEADER ,Vessel ,Bulk Carrier [SG] 
CSC LEADER ,Vessel ,Bulk Carrier [TW] 
UNISON LEADER ,Vessel ,Bulk Carrier [TW] 
FLAG LEADER ,Vessel ,Bulk Carrier With Vehicle Deck [Dead] 
MARINE LEADER ,Vessel ,Bunkering Tanker 
FEOSO LEADER ,Vessel ,Bunkering Tanker [HK] 
MARINE LEADER ,Vessel ,Cargo [GQ] 
LEADER DCM 2 ,Vessel ,Cargo [HK] 
LEADER GD2 ,Vessel ,Cargo [HK] 
LEADER S23 ,Vessel ,Cargo [HK] 
LEADER S30 ,Vessel ,Cargo [HK] 
GLOBAL LEADER ,Vessel ,Cargo [KR] 
LEADER ,Vessel ,Cargo [PW] 
LEADER FORTUNE ,Vessel ,Cement Carrier [Dead] 
ZENGO LEADER ,Vessel ,Chemical Tanker [MY] 
S.LEADER ,Vessel ,Chemical Tanker [SG] 
LEADER ,Callsign ,CLO CA RE [LEADER] 
AMERICAN LEADER ,Vessel ,Container Ship [Dead] 
LEADER ,Vessel ,Container Ship [Dead] 
MSC LEADER ,Vessel ,Container Ship [Dead] 
EVER LEADER ,Vessel ,Container Ship [SG] 
RING LEADER ,Vessel ,Crew Boat 
LEADERSHIP ,Vessel ,Crude Oil Tanker [Dead] 
PACIFIC LEADER ,Vessel ,Crude Oil Tanker [Dead] 
OLYMPIC LEADER ,Vessel ,Crude Oil Tanker [GR] 
LEADER ,Vessel ,Crude Oil Tanker [LR] 
NS LEADER ,Vessel ,Crude Oil Tanker [LR] 
ECO LEADER ,Vessel ,Crude Oil Tanker [NO] 
SOUTHERN LEADER ,Vessel ,Crude Oil Tanker [PA] 
UNIVERSAL LEADER ,Vessel ,Crude Oil Tanker [PA] 
LEADER 1 ,Vessel ,Deck Cargo Ship [ID] 
DISCOVERER CLEAR LEADER ,Vessel ,Drill Ship [MH] 
Gregor Mainusch | Leadership- and People Developme ,Company ,"Education / Research / Consultancy ,IT "
Leader Electric ,Company ,"Energy / Manufacturing ,US "
RED LEADER ,Exname ,Ex Name (1009637) 
OCEAN LEADER ,Exname ,Ex Name (1390000) 
GIANT LEADER ,Exname ,Ex Name (5185063) 
LEADER COLOCOTRONIS ,Exname ,Ex Name (5196799) 
LOTHIAN LEADER ,Exname ,Ex Name (5212555) 
LEADER TWO ,Exname ,Ex Name (5236525) 
NAESS LEADER ,Exname ,Ex Name (5245409) 
COVE LEADER ,Exname ,Ex Name (5247770) 
PACIFIC LEADER ,Exname ,Ex Name (5268255) 
MARINE LEADER ,Exname ,Ex Name (5283255) 
ROSS EASTERN LEADER ,Exname ,Ex Name (5310228) 
MECIS LEADER ,Exname ,Ex Name (5320261) 
OREGON LEADER ,Exname ,Ex Name (5339145) 
ALIAKMON LEADER ,Exname ,Ex Name (5381019) 
ARGO LEADER ,Exname ,Ex Name (5393385) 
CANADIAN LEADER ,Exname ,Ex Name (5402954) 
PENN LEADER ,Exname ,Ex Name (5404603) 
HERMES LEADER ,Exname ,Ex Name (5405035) 
LEADER ONE ,Exname ,Ex Name (5405035) 
WELL LEADER ,Exname ,Ex Name (5409952) 
OCEAN LEADER ,Exname ,Ex Name (6421232) 
WORLD LEADER ,Exname ,Ex Name (6522737) 
IONIAN LEADER ,Exname ,Ex Name (6708408) 
HARVEST LEADER ,Exname ,Ex Name (6725121) 
LEADER HONOR ,Exname ,Ex Name (6816683) 
EAGLE LEADER ,Exname ,Ex Name (6905276) 
OGDEN LEADER ,Exname ,Ex Name (6905276) 
OMI LEADER ,Exname ,Ex Name (6905276) 
AJMAN LEADER ,Exname ,Ex Name (6910427) 
LEADER QUEEN ,Exname ,Ex Name (6911354) 
ASEAN LEADER ,Exname ,Ex Name (6922511) 
LEADER A ,Exname ,Ex Name (7027708) 
GOOD LEADER ,Exname ,Ex Name (7041003) 
ORIENTAL LEADER ,Exname ,Ex Name (7104245) 
ATLANTIC LEADER ,Exname ,Ex Name (7117242) 
EXPORT LEADER ,Exname ,Ex Name (7226689) 
OCEAN LEADER ,Exname ,Ex Name (7312414) 
GOOD LEADER ,Exname ,Ex Name (7324522) 
LEADER ,Exname ,Ex Name (7329077) 
GOOD LEADER ,Exname ,Ex Name (7329584) 
LEADER GLORY ,Exname ,Ex Name (7334345) 
EGYPTIAN LEADER ,Exname ,Ex Name (7347172) 
LEADER ,Exname ,Ex Name (7347172) 
GAMBIT LEADER ,Exname ,Ex Name (7353133) 
HAPPY LEADER ,Exname ,Ex Name (7353133) 
YUKONG LEADER ,Exname ,Ex Name (7353133) 
SILVER LEADER ,Exname ,Ex Name (7358494) 
EUROPEAN LEADER ,Exname ,Ex Name (7361582) 
STENA LEADER ,Exname ,Ex Name (7361582) 
STENA LEADER ,Exname ,Ex Name (7361582) 
OLYMPIC LEADER ,Exname ,Ex Name (7366099) 
SUNSHINE LEADER ,Exname ,Ex Name (7370313) 
AUSTRAL LEADER 2 ,Exname ,Ex Name (7382770) 
NORNEWS LEADER ,Exname ,Ex Name (7382809) 
SAMOS LEADER ,Exname ,Ex Name (7384273) 
LEADER A ,Exname ,Ex Name (7386403) 
ASPHALT LEADER ,Exname ,Ex Name (7389687) 
GULF LEADER ,Exname ,Ex Name (7397323) 
PROGRESS LEADER ,Exname ,Ex Name (7397323) 
ASEAN LEADER ,Exname ,Ex Name (7401033) 
OCEAN LEADER ,Exname ,Ex Name (7401033) 
LEADERS ,Exname ,Ex Name (7405510) 
TIMBER LEADER ,Exname ,Ex Name (7412496) 
CAPRICORN LEADER ,Exname ,Ex Name (7414949) 
NORTHERN LEADER ,Exname ,Ex Name (7414949) 
RAOSBY LEADER ,Exname ,Ex Name (7417288) 
PACIFIC LEADER ,Exname ,Ex Name (7509926) 
SEA LEADER ,Exname ,Ex Name (7517844) 
LEADERMAN ,Exname ,Ex Name (7527198) 
ALASKAN LEADER ,Exname ,Ex Name (7609582) 
ARABIAN LEADER ,Exname ,Ex Name (7617412) 
ARABIAN LEADER ,Exname ,Ex Name (7617412) 
NATIONAL LEADER ,Exname ,Ex Name (7617668) 
DOOYANG LEADER ,Exname ,Ex Name (7621188) 
OINOUSSIAN LEADERSHI ,Exname ,Ex Name (7632826) 
CLINSI LEADER ,Exname ,Ex Name (7649269) 
LISSOM LEADER ,Exname ,Ex Name (7701603) 
OLYMPIA LEADER ,Exname ,Ex Name (7702982) 
FORTUNE LEADER ,Exname ,Ex Name (7705465) 
SEA LAND LEADER ,Exname ,Ex Name (7714325) 
SEA LEADER ,Exname ,Ex Name (7714325) 
IOLCOS LEADER ,Exname ,Ex Name (7716153) 
DUBAI LEADER ,Exname ,Ex Name (7729875) 
HYUNDAI LEADER ,Exname ,Ex Name (7814151) 
LEADER 1 ,Exname ,Ex Name (7823580) 
EGYPTIAN LEADER ,Exname ,Ex Name (7824390) 
HAWAIIAN LEADER ,Exname ,Ex Name (7826207) 
OBL LEADER ,Exname ,Ex Name (7912575) 
LEADERSHIP ,Exname ,Ex Name (7928718) 
LEADER LT ,Exname ,Ex Name (8003333) 
OCEAN LEADER ,Exname ,Ex Name (8005460) 
PACIFIC LEADER NO.1 ,Exname ,Ex Name (8005886) 
GULF LEADER ,Exname ,Ex Name (8006086) 
SEA LEADER ,Exname ,Ex Name (8006086) 
LEADER M ,Exname ,Ex Name (8006866) 
OCEAN LEADER ,Exname ,Ex Name (8017683) 
LEADER ,Exname ,Ex Name (8026672) 
LEADER I ,Exname ,Ex Name (8026672) 
LP LEADER ,Exname ,Ex Name (8032554) 
LEADER ,Exname ,Ex Name (8038182) 
LEADER ,Exname ,Ex Name (8038182) 
LEADER ,Exname ,Ex Name (8038182) 
LEADER ,Exname ,Ex Name (8038182) 
LEADER ,Exname ,Ex Name (8038182) 
LEADERCL ,Exname ,Ex Name (8038182) 
PACIFIC LEADER ,Exname ,Ex Name (8038182) 
FALCON LEADER ,Exname ,Ex Name (8101630) 
SEA LEADER B ,Exname ,Ex Name (8105478) 
BULK LEADER ,Exname ,Ex Name (8105741) 
LEADER ,Exname ,Ex Name (8105741) 
ELITE LEADER ,Exname ,Ex Name (8106666) 
LEADERS CREEK ,Exname ,Ex Name (8108444) 
LEADER A II ,Exname ,Ex Name (8115693) 
AUSMA LEADER ,Exname ,Ex Name (8120387) 
M.F.LEADER ,Exname ,Ex Name (8120387) 
MARINCO LEADER ,Exname ,Ex Name (8120387) 
SILVER LEADER ,Exname ,Ex Name (8123145) 
SAIPAN LEADER ,Exname ,Ex Name (8123157) 
BEIJING OCEAN LEADER ,Exname ,Ex Name (8130693) 
BALTIC LEADER ,Exname ,Ex Name (8202692) 
EGYPTIAN LEADER ,Exname ,Ex Name (8206052) 
LEADER I ,Exname ,Ex Name (8206052) 
PIA LEADER ,Exname ,Ex Name (8214798) 
HANDY LEADER ,Exname ,Ex Name (8221959) 
KEN LEADER ,Exname ,Ex Name (8221959) 
MILLENIUM LEADER ,Exname ,Ex Name (8312710) 
ANANGEL LEADER ,Exname ,Ex Name (8314847) 
SUPERIOR LEADER ,Exname ,Ex Name (8316273) 
RIVER LEADER ,Exname ,Ex Name (8324581) 
CENTURY LEADER NO.2 ,Exname ,Ex Name (8402371) 
JS LEADER ,Exname ,Ex Name (8415782) 
STAINLESS LEADER ,Exname ,Ex Name (8419051) 
CENTEPY LEADER 3 ,Exname ,Ex Name (8502468) 
CENTURY LEADER 3 ,Exname ,Ex Name (8502468) 
DD LEADER ,Exname ,Ex Name (8507755) 
NAVISION LEADER ,Exname ,Ex Name (8512932) 
NAVISION LEADER ,Exname ,Ex Name (8512932) 
OCEAN LEADER ,Exname ,Ex Name (8512932) 
CENTURY LEADER NO5 ,Exname ,Ex Name (8513510) 
CENTURY LEADER NO5 ,Exname ,Ex Name (8513510) 
MAERSK LEADER ,Exname ,Ex Name (8516952) 
MED LEADER ,Exname ,Ex Name (8518584) 
MULTIMAX LEADER ,Exname ,Ex Name (8602385) 
PAN LEADER ,Exname ,Ex Name (8604905) 
PAN LEADER ,Exname ,Ex Name (8604905) 
COLUMBIA LEADER ,Exname ,Ex Name (8613188) 
SUN LEADER ,Exname ,Ex Name (8624852) 
LIMESTONE LEADER ,Exname ,Ex Name (8635760) 
CROSBY LEADER ,Exname ,Ex Name (8644577) 
ARCTIC LEADER ,Exname ,Ex Name (8702393) 
OCEAN LEADER ,Exname ,Ex Name (8710182) 
CEMTEX LEADER ,Exname ,Ex Name (8716643) 
TRANSOCEAN LEADER ,Exname ,Ex Name (8756186) 
TRANSOCEAN LEADER ,Exname ,Ex Name (8756186) 
LEWEK LEADER ,Exname ,Ex Name (8770546) 
LEADER 1 ,Exname ,Ex Name (8794126) 
BO SUNG LEADER ,Exname ,Ex Name (8806228) 
BOSUNG LEADER ,Exname ,Ex Name (8806228) 
SRIRACHA LEADER ,Exname ,Ex Name (8814433) 
AFRICAN LEADER ,Exname ,Ex Name (8820951) 
DIXIE LEADER ,Exname ,Ex Name (8836546) 
FORCE LEADER ,Exname ,Ex Name (8891467) 
EM LEADER ,Exname ,Ex Name (8906781) 
NORNEWS LEADER ,Exname ,Ex Name (8906781) 
OHM LEADER ,Exname ,Ex Name (8906781) 
FRONT LEADER ,Exname ,Ex Name (8906860) 
LYKES LEADER ,Exname ,Ex Name (8918071) 
SUN LEADER ,Exname ,Ex Name (8919843) 
LEADER ,Exname ,Ex Name (9004413) 
LEADER 1 ,Exname ,Ex Name (9004413) 
LEADER I ,Exname ,Ex Name (9004413) 
ST LEADER ,Exname ,Ex Name (9008043) 
COSMIC LEADER ,Exname ,Ex Name (9011040) 
ID LEADER ,Exname ,Ex Name (9016727) 
CEC LEADER ,Exname ,Ex Name (9046148) 
GAM NI LEADER ,Exname ,Ex Name (9056296) 
UNION LEADER ,Exname ,Ex Name (9077305) 
CHEER LEADER ,Exname ,Ex Name (9078567) 
CHEER LEADER ,Exname ,Ex Name (9078567) 
CENTRANS LEADER ,Exname ,Ex Name (9081150) 
ATLANTIC LEADER ,Exname ,Ex Name (9087269) 
ASIAN LEADER ,Exname ,Ex Name (9087764) 
ASIAN LEADER ,Exname ,Ex Name (9087764) 
KM SULAWESI LEADER ,Exname ,Ex Name (9087764) 
SULAWESI LEADER ,Exname ,Ex Name (9087764) 
FAIR LEADER ,Exname ,Ex Name (9102801) 
CHOYANG LEADER ,Exname ,Ex Name (9108221) 
BEST LEADER ,Exname ,Ex Name (9111929) 
WNCT LEADER ,Exname ,Ex Name (9111929) 
G.LEADER ,Exname ,Ex Name (9114581) 
NEW LEADER ,Exname ,Ex Name (9121924) 
OINOUSSIAN LEADER ,Exname ,Ex Name (9122863) 
GLOBAL LEADER ,Exname ,Ex Name (9125176) 
INDUSTRIAL LEADER ,Exname ,Ex Name (9127409) 
INDEPENDENT LEADER ,Exname ,Ex Name (9134696) 
SHARIEF LEADER ,Exname ,Ex Name (9136436) 
SHERIEF LEADER ,Exname ,Ex Name (9136436) 
LEADER CA ,Exname ,Ex Name (9136876) 
LEADER CANAKKALE ,Exname ,Ex Name (9136876) 
LEADER CANAKKALE ,Exname ,Ex Name (9136876) 
LEADER CANAKKALE ,Exname ,Ex Name (9136876) 
WORLD LEADER ,Exname ,Ex Name (9152571) 
GOLDEN LEADER ,Exname ,Ex Name (9154581) 
AQUARIUS LEADER ,Exname ,Ex Name (9158276) 
CYGNUS LEADER ,Exname ,Ex Name (9158288) 
ALIOTH LEADER ,Exname ,Ex Name (9166895) 
ALIOTH LEADER ,Exname ,Ex Name (9166895) 
UNISON LEADER ,Exname ,Ex Name (9172387) 
UNISON LEADER ,Exname ,Ex Name (9172387) 
UNISON LEADER ,Exname ,Ex Name (9172387) 
DELPHINUS LEADER ,Exname ,Ex Name (9174282) 
LIBRA LEADER ,Exname ,Ex Name (9174490) 
LIBRA LEADER ,Exname ,Ex Name (9174490) 
TIBRA LEADER ,Exname ,Ex Name (9174490) 
HERCULES LEADER ,Exname ,Ex Name (9177428) 
PERSEUS LEADER ,Exname ,Ex Name (9177430) 
ALTAIR LEADER ,Exname ,Ex Name (9181376) 
PEGASUS LEADER ,Exname ,Ex Name (9181560) 
EVER LEADER ,Exname ,Ex Name (9182186) 
CASS9OPEIA LEADER ,Exname ,Ex Name (9182277) 
CASSIOPEIA LEADER ,Exname ,Ex Name (9182277) 
CASSIOPEIA LEADER ,Exname ,Ex Name (9182277) 
ORION LEADER ,Exname ,Ex Name (9182289) 
ORIENT LEADER ,Exname ,Ex Name (9182681) 
GENCO LEADER ,Exname ,Ex Name (9200366) 
TOP LEADER ,Exname ,Ex Name (9200366) 
PR CYON LEADER ,Exname ,Ex Name (9207754) 
PROCYON LEADER,Exname ,Ex Name (9207754) 
SROCYON LEADER P ,Exname ,Ex Name (9207754) 
FBIUS LEADER ,Exname ,Ex Name (9213806) 
SIRIUS LEADER ,Exname ,Ex Name (9213806) 
SIRIUS LEADER ,Exname ,Ex Name (9213806) 
BBCA LEADER ,Exname ,Ex Name (9213818) 
CLIPPER LEADER ,Exname ,Ex Name (9221803) 
LEADERSHIP ,Exname ,Ex Name (9233923) 
LEADERSHIP ,Exname ,Ex Name (9233923) 
LEADERSHIP ,Exname ,Ex Name (9233923) 
CASPIAN LEADER ,Exname ,Ex Name (9235684) 
ATLANTIC LEADER ,Exname ,Ex Name (9236028) 
VBCBAL LEADER ,Exname ,Ex Name (9237319) 
S1 LEADER ,Exname ,Ex Name (9240031) 
VM LEADER ,Exname ,Ex Name (9257254) 
PRMADA LEADERD ,Exname ,Ex Name (9260483) 
GREAT LEADER ,Exname ,Ex Name (9268928) 
GREAT LEADER ,Exname ,Ex Name (9268928) 
BNDROMEDA LEADER P ,Exname ,Ex Name (9273909) 
CAPRICORNUS LEADER ,Exname ,Ex Name (9283863) 
PHOENIX LEADER ,Exname ,Ex Name (9283875) 
PYPIS LEADER ,Exname ,Ex Name (9284738) 
CENTAURUS LEADER ,Exname ,Ex Name (9284740) 
JURA LEADER ,Exname ,Ex Name (9284752) 
LYRA LEADER ,Exname ,Ex Name (9284752) 
CLIPPER LEADER ,Exname ,Ex Name (9286451) 
HARBOUR LEADER ,Exname ,Ex Name (9286451) 
BATED LEADERSHIP ,Exname ,Ex Name (9290385) 
UNITED LEADERSHIP ,Exname ,Ex Name (9290385) 
CETUS LEADER ,Exname ,Ex Name (9291133) 
CETUS LEADER ,Exname ,Ex Name (9291133) 
RBAMPIC LEADER ,Exname ,Ex Name (9292498) 
CEPHEUS LEADER ,Exname ,Ex Name (9308883) 
CEPHEUS LEADER ,Exname ,Ex Name (9308883) 
CEPHEUS LEADER ,Exname ,Ex Name (9308883) 
FORIDO LEADER ,Exname ,Ex Name (9308895) 
POS LEADER ,Exname ,Ex Name (9312664) 
TBAL LEADER ,Exname ,Ex Name (9318486) 
OPAL LEADER ,Exname ,Ex Name (9318498) 
OPAL LEADER ,Exname ,Ex Name (9318498) 
PEDHCULAS LEADER ,Exname ,Ex Name (9323065) 
PEFHOULAS LEADER ,Exname ,Ex Name (9323065) 
PELHOULAS LEADER ,Exname ,Ex Name (9323065) 
EUCON LEADER ,Exname ,Ex Name (9328027) 
APHRODITE LEADER ,Exname ,Ex Name (9335953) 
APHRODITE LEADER ,Exname ,Ex Name (9335953) 
POSAIDON LEADER A ,Exname ,Ex Name (9335965) 
POSEAAN LEADER ,Exname ,Ex Name (9335965) 
POSEIDON LEADER ,Exname ,Ex Name (9335965) 
LEADERSHIP ,Exname ,Ex Name (9338228) 
PPO ETHMUS LEADER ,Exname ,Ex Name (9338888) 
PPOMETLDUS LEADERP ,Exname ,Ex Name (9338888) 
PR METHEUS LEADER ,Exname ,Ex Name (9338888) 
PLUTO LEADER ,Exname ,Ex Name (9338890) 
VLUTO LEADER ,Exname ,Ex Name (9338890) 
NS LEADER ,Exname ,Ex Name (9339301) 
NS LEADER BB ,Exname ,Ex Name (9339301) 
BCITIVE LEADER ,Exname ,Ex Name (9340776) 
QSITIVE LEADER ,Exname ,Ex Name (9340776) 
EQUULEUS LEADER ,Exname ,Ex Name (9342906) 
EQUULEUS LEADER ,Exname ,Ex Name (9342906) 
SITEAM LEADER ,Exname ,Ex Name (9343194) 
SITEAM LEADER ,Exname ,Ex Name (9343194) 
SITEAM LEADERP ,Exname ,Ex Name (9343194) 
ARTLLIS LEADER ,Exname ,Ex Name (9355202) 
THEA LEADER ,Exname ,Ex Name (9355214) 
HESTIA LEADER ,Exname ,Ex Name (9355226) 
LEADERSHIP ,Exname ,Ex Name (9356593) 
GRAC5FUL LEADER ,Exname ,Ex Name (9357303) 
COLIATH LEADER ,Exname ,Ex Name (9357315) 
GOLIATH LEADER ,Exname ,Ex Name (9357315) 
RBBNET LEADER ,Exname ,Ex Name (9357327) 
TREFIN LEADER ,Exname ,Ex Name (9358503) 
TREFIN LEADER BB ,Exname ,Ex Name (9358503) 
NORD LEADER ,Exname ,Ex Name (9369980) 
NORD LEADER ,Exname ,Ex Name (9369980) 
MV VOLANS LEADER ,Exname ,Ex Name (9381237) 
CYGNMS LEADER ,Exname ,Ex Name (9381249) 
CYGNUS LEADER ,Exname ,Ex Name (9381263) 
VENMS LEADER ,Exname ,Ex Name (9392341) 
VENUS LEADER ,Exname ,Ex Name (9392341) 
VENUS LEADER ,Exname ,Ex Name (9392341) 
VNUUC LEADER ,Exname ,Ex Name (9392341) 
MERCURY LEADER ,Exname ,Ex Name (9392353) 
UERCUPI LEADER ,Exname ,Ex Name (9392353) 
AURIGA LEADER ,Exname ,Ex Name (9402718) 
AURIGA LEADER ,Exname ,Ex Name (9402718) 
NEPTUNE LEADER ,Exname ,Ex Name (9402744) 
NEPTUNE LEADER ,Exname ,Ex Name (9402744) 
NEPTUNE LEADER ,Exname ,Ex Name (9402744) 
JT0ITER LEADER ,Exname ,Ex Name (9402756) 
JUPITER LEADER ,Exname ,Ex Name (9402756) 
JUPITER LEADER ,Exname ,Ex Name (9402756) 
KARIYUSHI LEADER ,Exname ,Ex Name (9403217) 
KARIYUSHI LEADER ,Exname ,Ex Name (9403217) 
TR1NS LEADER 0 ,Exname ,Ex Name (9412567) 
WOOYANG LEADER ,Exname ,Ex Name (9425306) 
JBARSK LEADER ,Exname ,Ex Name (9425710) 
BBCNYSOS LEADER ,Exname ,Ex Name (9426350) 
BIONYSOS LEADER ,Exname ,Ex Name (9426350) 
DIOVYSOS LEADER ,Exname ,Ex Name (9426350) 
YSOS LEADER Q 2 ,Exname ,Ex Name (9426350) 
PLEIADES LEADER ,Exname ,Ex Name (9426374) 
BLACK LEADER ,Exname ,Ex Name (9440289) 
BLACK LEADER ,Exname ,Ex Name (9440289) 
HORMZON LEADER 0 ,Exname ,Ex Name (9441520) 
HAP ENY LEADER ,Exname ,Ex Name (9441568) 
HARMONY LEADER ,Exname ,Ex Name (9441568) 
MTFEOSO LEADER ,Exname ,Ex Name (9447342) 
NORMAN LEADER ,Exname ,Ex Name (9462067) 
ECO LEADER ,Exname ,Ex Name (9471965) 
KMA LEADER ,Exname ,Ex Name (9477414) 
KMAY LEADER 0 ,Exname ,Ex Name (9477414) 
RBAX LEADER ,Exname ,Ex Name (9477414) 
DEMETER LEADER ,Exname ,Ex Name (9477921) 
DEMETER LEADER ,Exname ,Ex Name (9477921) 
DEMETER LEADER ,Exname ,Ex Name (9477921) 
RT LEADER ,Exname ,Ex Name (9489936) 
RT LEADER ,Exname ,Ex Name (9489962) 
SELENE LEADER ,Exname ,Ex Name (9498597) 
SELENE LEADER ,Exname ,Ex Name (9498597) 
EQIDANUS LEADER ,Exname ,Ex Name (9498602) 
ERIDANUS LEADER ,Exname ,Ex Name (9498602) 
ERIDANUS LEADER ,Exname ,Ex Name (9498602) 
SENTOSA LEADER ,Exname ,Ex Name (9502427) 
EMI LEADER ,Exname ,Ex Name (9505687) 
SAMHO LEADER ,Exname ,Ex Name (9512123) 
STAR LEADER ,Exname ,Ex Name (9517939) 
WBAR LEADER ,Exname ,Ex Name (9517939) 
GMIA LEADER ,Exname ,Ex Name (9536818) 
WBAA LEADER ,Exname ,Ex Name (9536818) 
S.LEADER ,Exname ,Ex Name (9544853) 
OCEAN LEADER ,Exname ,Ex Name (9546992) 
TRITON LEADER ,Exname ,Ex Name (9553103) 
TRITON LEADER ,Exname ,Ex Name (9553103) 
TRITON LEADER ,Exname ,Ex Name (9553103) 
BBAMIS LEADER ,Exname ,Ex Name (9553115) 
THEMIS LEADER ,Exname ,Ex Name (9553115) 
HARVEY LEADER ,Exname ,Ex Name (9559951) 
EVER LEADER ,Exname ,Ex Name (9595474) 
EVER LEADER ,Exname ,Ex Name (9595474) 
EVER LEADER ,Exname ,Ex Name (9595503) 
NEVA LEADER 1 ,Exname ,Ex Name (9598816) 
NEVA-LEADER 1 ,Exname ,Ex Name (9598816) 
LBA-LEADER 2 ,Exname ,Ex Name (9598828) 
NEVA-LEADER 2 ,Exname ,Ex Name (9598828) 
NEVA-LEADER_2 ,Exname ,Ex Name (9598828) 
NEVA-LEADER 3 ,Exname ,Ex Name (9598830) 
NEVA LEADER 4 ,Exname ,Ex Name (9598842) 
NEVA LEADER 4 ,Exname ,Ex Name (9598842) 
NEVA LEADER 4 ,Exname ,Ex Name (9598842) 
NEVA LEADER 4 ,Exname ,Ex Name (9598842) 
NEVA-LEADER 4 ,Exname ,Ex Name (9598842) 
NEVA LEADER 5 ,Exname ,Ex Name (9598854) 
NEVA LEADER 5 ,Exname ,Ex Name (9598854) 
NEVA LEADER 5 ,Exname ,Ex Name (9598854) 
NEVA LEADER 5 ,Exname ,Ex Name (9598854) 
NEVA LEADER 5 ,Exname ,Ex Name (9598854) 
NEVA LEADER 5 ,Exname ,Ex Name (9598854) 
NEVA LEADER 5 ,Exname ,Ex Name (9598854) 
NEVA-LEADER 5 ,Exname ,Ex Name (9598854) 
NEVA-LEADER 6 ,Exname ,Ex Name (9598866) 
NEVA LEADER 7 ,Exname ,Ex Name (9598878) 
NEVA LEADER 7 ,Exname ,Ex Name (9598878) 
NEVA LEADER 7 ,Exname ,Ex Name (9598878) 
NEVA LEADER 7 ,Exname ,Ex Name (9598878) 
NEVA-LEADER 7 ,Exname ,Ex Name (9598878) 
R9GEL LEADER ,Exname ,Ex Name (9604940) 
RIGL LEADER ,Exname ,Ex Name (9604940) 
RKGEL LEADER ,Exname ,Ex Name (9604940) 
VEGEL LEADER ,Exname ,Ex Name (9604940) 
STX LEADER ,Exname ,Ex Name (9608271) 
APOLLO LEADER ,Exname ,Ex Name (9614397) 
PACIFIC LEADER ,Exname ,Ex Name (9626936) 
REM LEADER ,Exname ,Ex Name (9627772) 
ORI NTML LEADERP ,Exname ,Ex Name (9633135) 
METIS LEADER ,Exname ,Ex Name (9650743) 
METOS LEADER ,Exname ,Ex Name (9650743) 
ARIES LEADER ,Exname ,Ex Name (9676864) 
PI3CES LEADER ,Exname ,Ex Name (9676876) 
NEVA LEADER 9 ,Exname ,Ex Name (9686390) 
HARVLST LEADER ,Exname ,Ex Name (9690523) 
HERMES LEADER ,Exname ,Ex Name (9690535) 
TATZUS LEADER ,Exname ,Ex Name (9700550) 
OCEAN LEADER 208 ,Exname ,Ex Name (9705665) 
BAS LEADER ,Exname ,Ex Name (9748019) 
SMKIZAYA LEADER X ,Exname ,Ex Name (9758739) 
GOLEDN LEADER ,Exname ,Ex Name (9805130) 
OCEAN LEADER ,Exname ,Ex Name (9813618) 
KIGH LEADER ,Exname ,Ex Name (9814155) 
SARA LEADER ,Exname ,Ex Name (9832561) 
TERRITORY LEADER ,Vessel ,Fishing [AU] 
KITPU EAGLE LEADER ,Vessel ,Fishing [CA] 
VIKING LEADER ,Vessel ,Fishing [CA] 
LEADER ,Vessel ,Fishing [KR] 
LEADERS ,Vessel ,Fishing [KR] 
WESTERN LEADER ,Vessel ,Fishing [NZ] 
FIERCE LEADER ,Vessel ,Fishing [US] 
LEADER ,Vessel ,Fishing [US] 
OCEAN LEADER ,Vessel ,Fishing [US] 
OCEAN LEADER ,Vessel ,Fishing [US] 
VIKING LEADER ,Vessel ,Fishing [US] 
SILVER LEADER ,Vessel ,Fishing [ZA] 
FIERCE LEADER ,Vessel ,Fishing Vessel 
OCEAN LEADER ,Vessel ,Fishing Vessel 
TERRITORY LEADER ,Vessel ,Fishing Vessel 
OCEAN LEADER ,Vessel ,Fishing Vessel [CA] 
FUNDY LEADER ,Vessel ,Fishing Vessel [Dead] 
LEADER ,Vessel ,Fishing Vessel [Dead] 
SEA LEADER ,Vessel ,Fishing Vessel [Dead] 
LEADER ,Vessel ,Fishing Vessel [RU] 
ALASKAN LEADER ,Vessel ,Fishing Vessel [US] 
BERING LEADER ,Vessel ,Fishing Vessel [US] 
BRISTOL LEADER ,Vessel ,Fishing Vessel [US] 
FARWEST LEADER ,Vessel ,Fishing Vessel [US] 
NORTHERN LEADER ,Vessel ,Fishing Vessel [US] 
OCEAN LEADER ,Vessel ,Fishing Vessel [US] 
ATLANTIC LEADER ,Vessel ,Fishing Vessel [ZA] 
LEADER ,Vessel ,Floating Storage/Production [Dead] 
LEADER ,Vessel ,Floating Storage/Production [Dead] 
BETON LEADER ,Vessel ,General Cargo 
BULK LEADER ,Vessel ,General Cargo [Dead] 
EASTERN LEADER ,Vessel ,General Cargo [Dead] 
FAIR LEADER ,Vessel ,General Cargo [Dead] 
FEHN LEADER ,Vessel ,General Cargo [Dead] 
GLOBAL LEADER ,Vessel ,General Cargo [Dead] 
GOLD LEADER ,Vessel ,General Cargo [Dead] 
GOLDEN LEADER ,Vessel ,General Cargo [Dead] 
LEADER ,Vessel ,General Cargo [Dead] 
LEADER ,Vessel ,General Cargo [Dead] 
SAIPAN LEADER ,Vessel ,General Cargo [Dead] 
SCOT LEADER ,Vessel ,General Cargo [GB] 
OCEAN LEADER ,Vessel ,General Cargo [KR] 
OCEAN LEADER ,Vessel ,General Cargo [KR] 
SEA LEADER ,Vessel ,General Cargo [MT] 
APOLLO LEADER ,Vessel ,General Cargo [PA] 
LEADER SW ,Vessel ,General Cargo [PA] 
MILLENNIUM LEADER ,Vessel ,General Cargo [PA] 
PINE LEADER ,Vessel ,General Cargo [PA] 
WOOYANG LEADER ,Vessel ,General Cargo [PA] 
NEVA LEADER 1 ,Vessel ,General Cargo [RU] 
NEVA LEADER 2 ,Vessel ,General Cargo [RU] 
NEVA LEADER 3 ,Vessel ,General Cargo [RU] 
NEVA LEADER 4 ,Vessel ,General Cargo [RU] 
NEVA LEADER 5 ,Vessel ,General Cargo [RU] 
NEVA LEADER 6 ,Vessel ,General Cargo [RU] 
NEVA LEADER 7 ,Vessel ,General Cargo [RU] 
NILE LEADER ,Vessel ,Inland Passenger Ship 
LEADERSHIP ,Vessel ,Inland Tanker [NG] 
LEADER ,Vessel ,"Inland, Pleasure Craft, >20 metres [BE] "
HIGMAN LEADER ,Vessel ,Local Vessel [US] 
Ocean Leader Shipping & Logistics (Pvt)Ltd ,Company ,"Logistics / Transport / Freight ,LK "
MAERSK LEADER ,Vessel ,Offshore Supply Ship [DK] 
HARVEY LEADER ,Vessel ,Offshore Supply Ship [MX] 
C LEADER ,Vessel ,Offshore Supply Ship [US] 
ODYSSEA LEADER ,Vessel ,Offshore Supply Ship [US] 
VM LEADER ,Vessel ,Offshore Supply Ship [VC] 
AFRICAN LEADER ,Port ,Offshore Terminal [LR] 
BLACK LEADER ,Vessel ,Oil Products Tanker [HK] 
LEADERSHIP ,Vessel ,Oil Products Tanker [MY] 
ORKIM LEADER ,Vessel ,Oil Products Tanker [MY] 
ARMADA LEADER ,Vessel ,Oil Products Tanker [RU] 
CASPIAN LEADER ,Vessel ,Oil Products Tanker [RU] 
TEAM LEADER ,Vessel ,Oil/Chemical Tanker [BM] 
LEADER AROL ,Vessel ,Oil/Chemical Tanker [Dead] 
GOLDEN LEADER ,Vessel ,Oil/Chemical Tanker [PA] 
HIGH LEADER ,Vessel ,Oil/Chemical Tanker [PA] 
OCEAN LEADER ,Vessel ,Oil/Chemical Tanker [SG] 
LEADER ,Vessel ,Oil/Chemical Tanker [SL] 
GRAND LEADER ,Vessel ,Ore Carrier [Dead] 
LEADER DCM 1 ,Vessel ,Other [HK] 
ODYSSEA LEADER ,Vessel ,Other [US] 
BIG STONE LEADER ,Vessel ,Passenger [US] 
SEA LEADER ,Vessel ,Patrol Vessel 
FOYLE.LEADER ,Vessel ,Pilot Vessel [GB] 
LEADER ,Vessel ,Pilot Vessel [GB] 
P.V.ESTUARY LEADER ,Vessel ,Pilot Vessel [GB] 
TRANSOCEAN LEADER ,Vessel ,Platform [VU] 
LEADERSECU ,Vessel ,Pleasure Craft [FR] 
DOLPHIN LEADER ,Vessel ,Pleasure Craft [NL] 
CAST LEADER ,Vessel ,Pleasure Craft [SG] 
BLUE LEADER ,Vessel ,Pleasure Craft [US] 
LEADER ,Vessel ,Pleasure Craft [US] 
LEADER ,Vessel ,Pleasure Craft [US] 
L2 LEADER ,Vessel ,Port Tender [GB] 
STAR LEADER ,Vessel ,Reefer [SG] 
LEADER 1 ,Vessel ,Research/Survey Vessel [Dead] 
OCEAN LEADER ,Vessel ,Research/Survey Vessel [Dead] 
ISLAND LEADER II ,Vessel ,Reserved [NZ] 
LEADER ,Vessel ,Reserved [US] 
,,
,,
,,
ATLANTIC LEADER ,Vessel ,Ro-Ro Cargo [Dead] 
KWANGYANG LEADER ,Vessel ,Ro-Ro Cargo [KR] 
FLEET LEADER ,Vessel ,Ro-Ro Cargo [LR] 
ACTUAL LEADER ,Vessel ,Sailing Vessel [FR] 
LEADER ,Vessel ,Sailing Vessel [GB] 
NORMAND LEADER ,Vessel ,Supply Vessel [NO] 
PACIFIC LEADER ,Vessel ,Supply Vessel [SG] 
0CEAN LEADER ,Vessel ,Tanker 
AEGIS LEADER ,Vessel ,Tanker [Dead] 
AVIN OIL LEADER ,Vessel ,Tanker [Dead] 
LEADER ,Vessel ,Tanker [Dead] 
NORDIC LEADER ,Vessel ,Tanker [Dead] 
PHILIPPINE LEADER ,Vessel ,Tanker [Dead] 
SPARTAN LEADER ,Vessel ,Tanker [Dead] 
UNIVERSE LEADER ,Vessel ,Tanker [Dead] 
LEADER ,Vessel ,Trawler 
FUNDY LEADER ,Vessel ,Trawler [CA] 
AUSTRAL LEADER ,Vessel ,Trawler [Dead] 
AUSTRAL LEADER II ,Vessel ,Trawler [Dead] 
LEADER T3 ,Vessel ,Tug 
LEADER T5 ,Vessel ,Tug 
SHARIEF LEADER ,Vessel ,Tug [AE] 
SHARIEF LEADER ,Vessel ,Tug [AE] 
LEADERS CREEK ,Vessel ,Tug [AU] 
RT LEADER ,Vessel ,Tug [BS] 
SALVAGE LEADER ,Vessel ,Tug [Dead] 
ALLECO LEADER ,Vessel ,Tug [GH] 
LEADER AB3 ,Vessel ,Tug [HK] 
LEADER AB5 ,Vessel ,Tug [HK] 
LEADER DCM 1 ,Vessel ,Tug [HK] 
OCEAN LEADER ,Vessel ,Tug [IN] 
OCEAN LEADER ,Vessel ,Tug [IN] 
BEIJING OCEAN LEADER ,Vessel ,Tug [LR] 
ALLECO LEADER ,Vessel ,Tug [MY] 
BES LEADER ,Vessel ,Tug [SG] 
AEP LEADER ,Vessel ,Tug [US] 
APAC LEADER ,Vessel ,Tug [US] 
CCS LEADER I ,Vessel ,Tug [US] 
CROSBY LEADER ,Vessel ,Tug [US] 
FUEL LEADER ,Vessel ,Tug [US] 
LEADER ,Vessel ,Tug [US] 
LEADER ,Vessel ,Tug [US] 
MIDWEST LEADER ,Vessel ,Tug [US] 
SAFETY LEADER ,Vessel ,Tug [US] 
SEAEAGLES LEADER ,Vessel ,Tug [VC] 
GLOBAL LEADER ,Vessel ,Unspecified 
N LEADER BUOY 1 ,Vessel ,Unspecified 
AQUA LEADER ,Vessel ,Unspecified [CA] 
LEADER D18 ,Vessel ,Unspecified [HK] 
LEADER F51 ,Vessel ,Unspecified [HK] 
LEADER F53 ,Vessel ,Unspecified [HK] 
LEADER T3 ,Vessel ,Unspecified [HK] 
LEADER T5 ,Vessel ,Unspecified [HK] 
LEADER ALANDILS ,Vessel ,Unspecified [SA] 
INT'L LEADER ,Vessel ,Utility Vessel 
,,
,,
,,
CORAL LEADER ,Vessel ,Vehicles Carrier [BS] 
EMERALD LEADER ,Vessel ,Vehicles Carrier [BS] 
GALAXY LEADER ,Vessel ,Vehicles Carrier [BS] 
GARNET LEADER ,Vessel ,Vehicles Carrier [BS] 
GENTLE LEADER ,Vessel ,Vehicles Carrier [BS] 
GLOBAL LEADER ,Vessel ,Vehicles Carrier [BS] 
GLORIOUS LEADER ,Vessel ,Vehicles Carrier [BS] 
GOLIATH LEADER ,Vessel ,Vehicles Carrier [BS] 
GRACEFUL LEADER ,Vessel ,Vehicles Carrier [BS] 
GUARDIAN LEADER ,Vessel ,Vehicles Carrier [BS] 
HARMONY LEADER ,Vessel ,Vehicles Carrier [BS] 
HARVEST LEADER ,Vessel ,Vehicles Carrier [BS] 
HERITAGE LEADER ,Vessel ,Vehicles Carrier [BS] 
HERMES LEADER ,Vessel ,Vehicles Carrier [BS] 
HEROIC LEADER ,Vessel ,Vehicles Carrier [BS] 
HORIZON LEADER ,Vessel ,Vehicles Carrier [BS] 
OPAL LEADER ,Vessel ,Vehicles Carrier [BS] 
VICTORY LEADER ,Vessel ,Vehicles Carrier [BS] 
CENTURY LEADER NO.1 ,Vessel ,Vehicles Carrier [Dead] 
CENTURY LEADER NO.3 ,Vessel ,Vehicles Carrier [Dead] 
CENTURY LEADER NO.5 ,Vessel ,Vehicles Carrier [Dead] 
GEMINI LEADER ,Vessel ,Vehicles Carrier [Dead] 
HUDSON LEADER ,Vessel ,Vehicles Carrier [Dead] 
LEADER ,Vessel ,Vehicles Carrier [Dead] 
LEADER ,Vessel ,Vehicles Carrier [Dead] 
PACIFIC LEADER ,Vessel ,Vehicles Carrier [Dead] 
PIONEER LEADER ,Vessel ,Vehicles Carrier [Dead] 
TIGRIS LEADER ,Vessel ,Vehicles Carrier [Dead] 
ZENITH LEADER ,Vessel ,Vehicles Carrier [GB] 
KALIMANTAN LEADER ,Vessel ,Vehicles Carrier [ID] 
SULAWESI LEADER ,Vessel ,Vehicles Carrier [ID] 
SUMATERA LEADER ,Vessel ,Vehicles Carrier [ID] 
ALTAIR LEADER ,Vessel ,Vehicles Carrier [JP] 
ANTARES LEADER ,Vessel ,Vehicles Carrier [JP] 
APHRODITE LEADER ,Vessel ,Vehicles Carrier [JP] 
AQUARIUS LEADER ,Vessel ,Vehicles Carrier [JP] 
ASTERIA LEADER ,Vessel ,Vehicles Carrier [JP] 
ATLAS LEADER ,Vessel ,Vehicles Carrier [JP] 
CASSIOPEIA LEADER ,Vessel ,Vehicles Carrier [JP] 
CEPHEUS LEADER ,Vessel ,Vehicles Carrier [JP] 
CETUS LEADER ,Vessel ,Vehicles Carrier [JP] 
DAEDALUS LEADER ,Vessel ,Vehicles Carrier [JP] 
DELPHINUS LEADER ,Vessel ,Vehicles Carrier [JP] 
DEMETER LEADER ,Vessel ,Vehicles Carrier [JP] 
DIONYSOS LEADER ,Vessel ,Vehicles Carrier [JP] 
EQUULEUS LEADER ,Vessel ,Vehicles Carrier [JP] 
ERIDANUS LEADER ,Vessel ,Vehicles Carrier [JP] 
HELIOS LEADER ,Vessel ,Vehicles Carrier [JP] 
HERCULES LEADER ,Vessel ,Vehicles Carrier [JP] 
HESTIA LEADER ,Vessel ,Vehicles Carrier [JP] 
KARIYUSHI LEADER ,Vessel ,Vehicles Carrier [JP] 
LIBRA LEADER ,Vessel ,Vehicles Carrier [JP] 
LYRA LEADER ,Vessel ,Vehicles Carrier [JP] 
MERCURY LEADER ,Vessel ,Vehicles Carrier [JP] 
ORION LEADER ,Vessel ,Vehicles Carrier [JP] 
PLEIADES LEADER ,Vessel ,Vehicles Carrier [JP] 
POSEIDON LEADER ,Vessel ,Vehicles Carrier [JP] 
PROCYON LEADER ,Vessel ,Vehicles Carrier [JP] 
RHEA LEADER ,Vessel ,Vehicles Carrier [JP] 
SELENE LEADER ,Vessel ,Vehicles Carrier [JP] 
THEMIS LEADER ,Vessel ,Vehicles Carrier [JP] 
VENUS LEADER ,Vessel ,Vehicles Carrier [JP] 
ZEUS LEADER ,Vessel ,Vehicles Carrier [JP] 
AEGEAN LEADER ,Vessel ,Vehicles Carrier [PA] 
ANDROMEDA LEADER ,Vessel ,Vehicles Carrier [PA] 
APOLLON LEADER ,Vessel ,Vehicles Carrier [PA] 
ARIES LEADER ,Vessel ,Vehicles Carrier [PA] 
ARTEMIS LEADER ,Vessel ,Vehicles Carrier [PA] 
AURIGA LEADER ,Vessel ,Vehicles Carrier [PA] 
CASTOR LEADER ,Vessel ,Vehicles Carrier [PA] 
CRONUS LEADER ,Vessel ,Vehicles Carrier [PA] 
CYGNUS LEADER ,Vessel ,Vehicles Carrier [PA] 
DENEB LEADER ,Vessel ,Vehicles Carrier [PA] 
DIONE LEADER ,Vessel ,Vehicles Carrier [PA] 
DORADO LEADER ,Vessel ,Vehicles Carrier [PA] 
HYPERION LEADER ,Vessel ,Vehicles Carrier [PA] 
IRIS LEADER ,Vessel ,Vehicles Carrier [PA] 
JUPITER LEADER ,Vessel ,Vehicles Carrier [PA] 
LEO LEADER ,Vessel ,Vehicles Carrier [PA] 
LOTUS LEADER ,Vessel ,Vehicles Carrier [PA] 
METIS LEADER ,Vessel ,Vehicles Carrier [PA] 
MONOCEROS LEADER ,Vessel ,Vehicles Carrier [PA] 
NEPTUNE LEADER ,Vessel ,Vehicles Carrier [PA] 
OCEANUS LEADER ,Vessel ,Vehicles Carrier [PA] 
PHOENIX LEADER ,Vessel ,Vehicles Carrier [PA] 
PISCES LEADER ,Vessel ,Vehicles Carrier [PA] 
PLUTO LEADER ,Vessel ,Vehicles Carrier [PA] 
POSITIVE LEADER ,Vessel ,Vehicles Carrier [PA] 
PYXIS LEADER ,Vessel ,Vehicles Carrier [PA] 
RIGEL LEADER ,Vessel ,Vehicles Carrier [PA] 
SAGITTARIUS LEADER ,Vessel ,Vehicles Carrier [PA] 
SARA LEADER ,Vessel ,Vehicles Carrier [PA] 
TRANS LEADER ,Vessel ,Vehicles Carrier [PA] 
TRITON LEADER ,Vessel ,Vehicles Carrier [PA] 
VEGA LEADER ,Vessel ,Vehicles Carrier [PA] 
VIRGO LEADER ,Vessel ,Vehicles Carrier [PA] 
VOLANS LEADER ,Vessel ,Vehicles Carrier [PA] 
CANOPUS LEADER ,Vessel ,Vehicles Carrier [SG] 
CAPRICORNUS LEADER ,Vessel ,Vehicles Carrier [SG] 
CENTAURUS LEADER ,Vessel ,Vehicles Carrier [SG] 
GAIA LEADER ,Vessel ,Vehicles Carrier [SG] 
POLARIS LEADER ,Vessel ,Vehicles Carrier [SG] 
PROMETHEUS LEADER ,Vessel ,Vehicles Carrier [SG] 
SIRIUS LEADER ,Vessel ,Vehicles Carrier [SG] 
SPICA LEADER ,Vessel ,Vehicles Carrier [SG] 
TAURUS LEADER ,Vessel ,Vehicles Carrier [SG] 
,,
,,
,,
,,
AEGEAN LEADER ,,
ALTAIR LEADER ,,
ANDROMEDA LEADER ,,
ANTARES LEADER ,,
APHRODITE LEADER ,,
APOLLON LEADER ,,
AQUARIUS LEADER ,,
ARIES LEADER ,,
ARTEMIS LEADER ,,
ASTERIA LEADER ,,
ATLAS LEADER ,,
AURIGA LEADER ,,
CANOPUS LEADER ,,
CAPRICORNUS LEADER ,,
CASSIOPEIA LEADER ,,
CASTOR LEADER ,,
CENTAURUS LEADER ,,
CENTURY LEADER NO.1 ,,
CENTURY LEADER NO.3 ,,
CENTURY LEADER NO.5 ,,
CEPHEUS LEADER ,,
CETUS LEADER ,,
CORAL LEADER ,,
CRONUS LEADER ,,
CYGNUS LEADER ,,
DAEDALUS LEADER ,,
DELPHINUS LEADER ,,
DEMETER LEADER ,,
DENEB LEADER ,,
DIONE LEADER ,,
DIONYSOS LEADER ,,
DORADO LEADER ,,
EMERALD LEADER ,,
EQUULEUS LEADER ,,
ERIDANUS LEADER ,,
GAIA LEADER ,,
GALAXY LEADER ,,
GARNET LEADER ,,
GEMINI LEADER ,,
GENTLE LEADER ,,
GLOBAL LEADER ,,
GLORIOUS LEADER ,,
GOLIATH LEADER ,,
GRACEFUL LEADER ,,
GUARDIAN LEADER ,,
HARMONY LEADER ,,
HARVEST LEADER ,,
HELIOS LEADER ,,
HERCULES LEADER ,,
HERITAGE LEADER ,,
HERMES LEADER ,,
HEROIC LEADER ,,
HESTIA LEADER ,,
HORIZON LEADER ,,
HUDSON LEADER ,,
HYPERION LEADER ,,
IRIS LEADER ,,
JUPITER LEADER ,,
KALIMANTAN LEADER ,,
KARIYUSHI LEADER ,,
LEADER ,,
LEADER ,,
LEO LEADER ,,
LIBRA LEADER ,,
LOTUS LEADER ,,
LYRA LEADER ,,
MERCURY LEADER ,,
METIS LEADER ,,
MONOCEROS LEADER ,,
NEPTUNE LEADER ,,
OCEANUS LEADER ,,
OPAL LEADER ,,
ORION LEADER ,,
PACIFIC LEADER ,,
PHOENIX LEADER ,,
PIONEER LEADER ,,
PISCES LEADER ,,
PLEIADES LEADER ,,
PLUTO LEADER ,,
POLARIS LEADER ,,
POSEIDON LEADER ,,
POSITIVE LEADER ,,
PROCYON LEADER ,,
PROMETHEUS LEADER ,,
PYXIS LEADER ,,
RHEA LEADER ,,
RIGEL LEADER ,,
SAGITTARIUS LEADER ,,
SARA LEADER ,,
SELENE LEADER ,,
SIRIUS LEADER ,,
SPICA LEADER ,,
SULAWESI LEADER ,,
SUMATERA LEADER ,,
TAURUS LEADER ,,
THEMIS LEADER ,,
TIGRIS LEADER ,,
TRANS LEADER ,,
TRITON LEADER ,,
VEGA LEADER ,,
VENUS LEADER ,,
VICTORY LEADER ,,
VIRGO LEADER ,,
VOLANS LEADER ,,
ZENITH LEADER ,,
ZEUS LEADER ,,
